x,y,value
2,1,161
3,1,297
3,2,78
4,1,102
4,2,27
4,3,78
5,1,94
5,2,30
5,3,45
5,4,9
6,1,100
6,2,23
6,3,61
6,4,30
6,5,45
7,1,98
7,2,20
7,3,37
7,4,18
7,5,47
7,6,52
8,1,84
8,2,26
8,3,37
8,4,17
8,5,46
8,6,54
8,7,41
9,1,162
9,2,33
9,3,71
9,4,19
9,5,41
9,6,62
9,7,86
9,8,38
10,1,84
10,2,17
10,3,29
10,4,13
10,5,18
10,6,34
10,7,9
10,8,16
10,9,20
11,1,41
11,2,14
11,3,21
11,4,7
11,5,24
11,6,14
11,7,19
11,8,19
11,9,25
11,10,22
12,1,74
12,2,19
12,3,44
12,4,14
12,5,29
12,6,23
12,7,34
12,8,21
12,9,48
12,10,21
12,11,25
13,1,83
13,2,22
13,3,37
13,4,15
13,5,13
13,6,28
13,7,22
13,8,18
13,9,22
13,10,10
13,11,18
13,12,30
14,1,91
14,2,17
14,3,37
14,4,11
14,5,13
14,6,21
14,7,21
14,8,16
14,9,27
14,10,17
14,11,18
14,12,31
14,13,97
15,1,52
15,2,16
15,3,13
15,4,5
15,5,22
15,6,31
15,7,24
15,8,25
15,9,21
15,10,9
15,11,8
15,12,10
15,13,7
15,14,6
16,1,78
16,2,22
16,3,26
16,4,15
16,5,18
16,6,36
16,7,12
16,8,14
16,9,17
16,10,11
16,11,8
16,12,15
16,13,20
16,14,19
16,15,27
17,1,33
17,2,20
17,3,19
17,4,9
17,5,15
17,6,31
17,7,23
17,8,20
17,9,20
17,10,5
17,11,8
17,12,20
17,13,40
17,14,30
17,15,12
17,16,9
18,1,65
18,2,14
18,3,35
18,4,17
18,5,19
18,6,33
18,7,30
18,8,22
18,9,33
18,10,9
18,11,13
18,12,28
18,13,16
18,14,17
18,15,18
18,16,28
18,17,17
19,1,56
19,2,18
19,3,20
19,4,6
19,5,18
19,6,29
19,7,20
19,8,17
19,9,17
19,10,6
19,11,6
19,12,18
19,13,14
19,14,14
19,15,23
19,16,34
19,17,29
19,18,34
20,1,170
20,2,18
20,3,61
20,4,50
20,5,16
20,6,21
20,7,21
20,8,11
20,9,40
20,10,27
20,11,18
20,12,20
20,13,21
20,14,18
20,15,7
20,16,10
20,17,8
20,18,14
20,19,6
21,1,63
21,2,13
21,3,47
21,4,28
21,5,8
21,6,34
21,7,16
21,8,15
21,9,26
21,10,10
21,11,7
21,12,17
21,13,29
21,14,29
21,15,9
21,16,18
21,17,9
21,18,14
21,19,16
21,20,20
22,1,218
22,2,29
22,3,80
22,4,36
22,5,28
22,6,37
22,7,27
22,8,17
22,9,51
22,10,41
22,11,16
22,12,35
22,13,46
22,14,41
22,15,9
22,16,19
22,17,15
22,18,14
22,19,13
22,20,114
22,21,29
23,1,49
23,2,22
23,3,24
23,4,9
23,5,13
23,6,13
23,7,17
23,8,16
23,9,33
23,10,14
23,11,16
23,12,29
23,13,30
23,14,26
23,15,21
23,16,13
23,17,24
23,18,18
23,19,16
23,20,12
23,21,17
23,22,20
24,1,58
24,2,19
24,3,20
24,4,12
24,5,11
24,6,25
24,7,15
24,8,18
24,9,34
24,10,16
24,11,11
24,12,26
24,13,14
24,14,15
24,15,13
24,16,12
24,17,13
24,18,13
24,19,14
24,20,19
24,21,27
24,22,29
24,23,29
25,1,29
25,2,12
25,3,23
25,4,10
25,5,10
25,6,10
25,7,15
25,8,10
25,9,12
25,10,12
25,11,5
25,12,58
25,13,9
25,14,9
25,15,9
25,16,14
25,17,11
25,18,9
25,19,10
25,20,7
25,21,20
25,22,15
25,23,11
25,24,11
26,1,89
26,2,13
26,3,39
26,4,16
26,5,19
26,6,21
26,7,21
26,8,15
26,9,30
26,10,12
26,11,17
26,12,21
26,13,13
26,14,15
26,15,5
26,16,6
26,17,7
26,18,12
26,19,8
26,20,39
26,21,14
26,22,32
26,23,14
26,24,31
26,25,10
27,1,19
27,2,7
27,3,33
27,4,13
27,5,8
27,6,15
27,7,9
27,8,9
27,9,14
27,10,4
27,11,7
27,12,8
27,13,6
27,14,6
27,15,4
27,16,4
27,17,4
27,18,8
27,19,6
27,20,11
27,21,18
27,22,12
27,23,9
27,24,10
27,25,4
27,26,20
28,1,49
28,2,6
28,3,18
28,4,11
28,5,12
28,6,18
28,7,16
28,8,10
28,9,22
28,10,9
28,11,8
28,12,11
28,13,5
28,14,5
28,15,5
28,16,5
28,17,5
28,18,7
28,19,4
28,20,23
28,21,12
28,22,22
28,23,7
28,24,28
28,25,8
28,26,48
28,27,14
29,1,22
29,2,8
29,3,28
29,4,13
29,5,9
29,6,14
29,7,10
29,8,9
29,9,12
29,10,4
29,11,8
29,12,9
29,13,7
29,14,7
29,15,4
29,16,4
29,17,4
29,18,7
29,19,6
29,20,11
29,21,18
29,22,11
29,23,9
29,24,9
29,25,4
29,26,21
29,27,47
29,28,13
30,1,71
30,2,10
30,3,30
30,4,11
30,5,12
30,6,16
30,7,18
30,8,10
30,9,24
30,10,15
30,11,11
30,12,11
30,13,7
30,14,7
30,15,6
30,16,7
30,17,5
30,18,11
30,19,7
30,20,33
30,21,14
30,22,26
30,23,9
30,24,19
30,25,9
30,26,61
30,27,17
30,28,48
30,29,15
31,1,31
31,2,9
31,3,35
31,4,13
31,5,14
31,6,16
31,7,8
31,8,14
31,9,16
31,10,9
31,11,10
31,12,11
31,13,6
31,14,6
31,15,4
31,16,3
31,17,5
31,18,6
31,19,5
31,20,13
31,21,17
31,22,13
31,23,6
31,24,9
31,25,3
31,26,20
31,27,42
31,28,20
31,29,45
31,30,16
32,1,40
32,2,17
32,3,17
32,4,10
32,5,11
32,6,26
32,7,20
32,8,13
32,9,25
32,10,10
32,11,22
32,12,19
32,13,16
32,14,20
32,15,8
32,16,10
32,17,14
32,18,10
32,19,10
32,20,26
32,21,22
32,22,24
32,23,12
32,24,21
32,25,13
32,26,18
32,27,7
32,28,15
32,29,6
32,30,14
32,31,6
33,1,68
33,2,25
33,3,33
33,4,10
33,5,14
33,6,21
33,7,26
33,8,12
33,9,29
33,10,10
33,11,25
33,12,17
33,13,15
33,14,19
33,15,8
33,16,9
33,17,13
33,18,14
33,19,11
33,20,32
33,21,14
33,22,26
33,23,16
33,24,13
33,25,12
33,26,24
33,27,11
33,28,15
33,29,10
33,30,22
33,31,9
33,32,95
34,1,55
34,2,20
34,3,35
34,4,11
34,5,14
34,6,22
34,7,19
34,8,16
34,9,22
34,10,9
34,11,13
34,12,19
34,13,25
34,14,30
34,15,12
34,16,20
34,17,13
34,18,18
34,19,17
34,20,12
34,21,19
34,22,26
34,23,18
34,24,15
34,25,13
34,26,14
34,27,7
34,28,7
34,29,7
34,30,10
34,31,6
34,32,22
34,33,20
35,1,54
35,2,20
35,3,35
35,4,11
35,5,13
35,6,21
35,7,19
35,8,16
35,9,22
35,10,9
35,11,13
35,12,19
35,13,25
35,14,30
35,15,12
35,16,20
35,17,14
35,18,18
35,19,17
35,20,12
35,21,19
35,22,26
35,23,18
35,24,15
35,25,13
35,26,13
35,27,7
35,28,6
35,29,7
35,30,9
35,31,5
35,32,22
35,33,19
35,34,116
36,1,81
36,2,38
36,3,22
36,4,9
36,5,9
36,6,12
36,7,5
36,8,9
36,9,9
36,10,40
36,11,6
36,12,12
36,13,11
36,14,12
36,15,7
36,16,11
36,17,8
36,18,8
36,19,10
36,20,37
36,21,14
36,22,50
36,23,10
36,24,12
36,25,10
36,26,10
36,27,3
36,28,5
36,29,3
36,30,9
36,31,4
36,32,14
36,33,10
36,34,17
36,35,17
37,1,35
37,2,28
37,3,24
37,4,7
37,5,6
37,6,12
37,7,9
37,8,10
37,9,10
37,10,6
37,11,7
37,12,9
37,13,12
37,14,14
37,15,5
37,16,6
37,17,8
37,18,6
37,19,7
37,20,11
37,21,6
37,22,6
37,23,36
37,24,8
37,25,7
37,26,7
37,27,3
37,28,3
37,29,3
37,30,3
37,31,3
37,32,10
37,33,7
37,34,12
37,35,12
37,36,10
38,1,54
38,2,17
38,3,25
38,4,11
38,5,24
38,6,25
38,7,41
38,8,20
38,9,52
38,10,7
38,11,13
38,12,21
38,13,13
38,14,12
38,15,11
38,16,7
38,17,15
38,18,17
38,19,8
38,20,18
38,21,20
38,22,24
38,23,18
38,24,24
38,25,11
38,26,18
38,27,11
38,28,14
38,29,10
38,30,13
38,31,9
38,32,16
38,33,19
38,34,7
38,35,7
38,36,5
38,37,8
39,1,58
39,2,19
39,3,36
39,4,9
39,5,21
39,6,30
39,7,34
39,8,22
39,9,36
39,10,10
39,11,16
39,12,32
39,13,14
39,14,14
39,15,11
39,16,11
39,17,15
39,18,22
39,19,15
39,20,15
39,21,9
39,22,19
39,23,20
39,24,20
39,25,9
39,26,18
39,27,9
39,28,15
39,29,7
39,30,13
39,31,7
39,32,16
39,33,19
39,34,20
39,35,20
39,36,7
39,37,9
39,38,44
40,1,25
40,2,12
40,3,14
40,4,5
40,5,31
40,6,15
40,7,18
40,8,15
40,9,16
40,10,4
40,11,6
40,12,7
40,13,6
40,14,6
40,15,8
40,16,5
40,17,13
40,18,11
40,19,10
40,20,5
40,21,6
40,22,6
40,23,8
40,24,4
40,25,6
40,26,7
40,27,2
40,28,5
40,29,2
40,30,4
40,31,4
40,32,5
40,33,6
40,34,5
40,35,5
40,36,4
40,37,4
40,38,16
40,39,18
41,1,21
41,2,11
41,3,15
41,4,5
41,5,32
41,6,16
41,7,20
41,8,13
41,9,19
41,10,4
41,11,6
41,12,9
41,13,7
41,14,6
41,15,8
41,16,5
41,17,13
41,18,16
41,19,10
41,20,7
41,21,5
41,22,6
41,23,8
41,24,4
41,25,6
41,26,8
41,27,3
41,28,3
41,29,3
41,30,5
41,31,2
41,32,5
41,33,7
41,34,5
41,35,5
41,36,5
41,37,4
41,38,19
41,39,18
41,40,48
42,1,25
42,2,14
42,3,11
42,4,7
42,5,17
42,6,16
42,7,22
42,8,29
42,9,13
42,10,5
42,11,7
42,12,10
42,13,7
42,14,5
42,15,11
42,16,8
42,17,11
42,18,17
42,19,11
42,20,6
42,21,7
42,22,9
42,23,9
42,24,7
42,25,8
42,26,6
42,27,3
42,28,5
42,29,3
42,30,4
42,31,3
42,32,7
42,33,7
42,34,6
42,35,6
42,36,4
42,37,4
42,38,21
42,39,18
42,40,21
42,41,21
43,1,4
43,2,1
43,3,2
43,4,0
43,5,2
43,6,3
43,7,3
43,8,6
43,9,3
43,10,0
43,11,2
43,12,1
43,13,1
43,14,1
43,15,1
43,16,0
43,17,1
43,18,1
43,19,0
43,20,1
43,21,0
43,22,2
43,23,2
43,24,0
43,25,0
43,26,0
43,27,0
43,28,0
43,29,0
43,30,0
43,31,0
43,32,0
43,33,0
43,34,1
43,35,1
43,36,0
43,37,1
43,38,6
43,39,8
43,40,5
43,41,5
43,42,8
44,1,1
44,2,1
44,3,1
44,4,0
44,5,5
44,6,3
44,7,2
44,8,2
44,9,0
44,10,1
44,11,0
44,12,0
44,13,0
44,14,0
44,15,2
44,16,1
44,17,0
44,18,0
44,19,1
44,20,0
44,21,1
44,22,0
44,23,0
44,24,1
44,25,1
44,26,0
44,27,0
44,28,0
44,29,0
44,30,0
44,31,0
44,32,1
44,33,0
44,34,1
44,35,1
44,36,1
44,37,2
44,38,4
44,39,4
44,40,7
44,41,7
44,42,4
44,43,4
45,1,25
45,2,18
45,3,17
45,4,7
45,5,25
45,6,21
45,7,13
45,8,16
45,9,10
45,10,6
45,11,7
45,12,10
45,13,7
45,14,7
45,15,10
45,16,11
45,17,10
45,18,15
45,19,16
45,20,5
45,21,10
45,22,8
45,23,9
45,24,7
45,25,6
45,26,6
45,27,4
45,28,3
45,29,4
45,30,2
45,31,3
45,32,7
45,33,6
45,34,14
45,35,14
45,36,9
45,37,10
45,38,12
45,39,18
45,40,20
45,41,20
45,42,15
45,43,4
45,44,11
46,1,42
46,2,11
46,3,30
46,4,11
46,5,4
46,6,14
46,7,5
46,8,2
46,9,12
46,10,5
46,11,3
46,12,5
46,13,7
46,14,6
46,15,2
46,16,8
46,17,2
46,18,8
46,19,6
46,20,24
46,21,6
46,22,11
46,23,2
46,24,5
46,25,3
46,26,8
46,27,2
46,28,5
46,29,2
46,30,6
46,31,3
46,32,4
46,33,4
46,34,7
46,35,7
46,36,14
46,37,7
46,38,5
46,39,7
46,40,8
46,41,7
46,42,3
46,43,1
46,44,1
46,45,6
47,1,34
47,2,11
47,3,22
47,4,6
47,5,10
47,6,12
47,7,9
47,8,6
47,9,12
47,10,6
47,11,10
47,12,12
47,13,11
47,14,11
47,15,2
47,16,5
47,17,3
47,18,8
47,19,5
47,20,21
47,21,7
47,22,14
47,23,7
47,24,8
47,25,3
47,26,13
47,27,4
47,28,7
47,29,5
47,30,7
47,31,6
47,32,9
47,33,11
47,34,11
47,35,10
47,36,7
47,37,9
47,38,11
47,39,14
47,40,6
47,41,6
47,42,5
47,43,2
47,44,1
47,45,7
47,46,24
48,1,41
48,2,18
48,3,21
48,4,10
48,5,12
48,6,25
48,7,30
48,8,18
48,9,23
48,10,7
48,11,8
48,12,15
48,13,7
48,14,7
48,15,11
48,16,7
48,17,14
48,18,10
48,19,11
48,20,14
48,21,13
48,22,18
48,23,14
48,24,18
48,25,13
48,26,15
48,27,8
48,28,12
48,29,8
48,30,10
48,31,7
48,32,18
48,33,16
48,34,12
48,35,12
48,36,7
48,37,10
48,38,26
48,39,26
48,40,15
48,41,15
48,42,19
48,43,5
48,44,5
48,45,19
48,46,6
48,47,8
49,1,34
49,2,15
49,3,21
49,4,9
49,5,12
49,6,21
49,7,27
49,8,15
49,9,21
49,10,5
49,11,6
49,12,14
49,13,7
49,14,7
49,15,11
49,16,7
49,17,13
49,18,9
49,19,12
49,20,17
49,21,12
49,22,14
49,23,12
49,24,15
49,25,12
49,26,8
49,27,5
49,28,7
49,29,5
49,30,6
49,31,4
49,32,15
49,33,15
49,34,11
49,35,11
49,36,7
49,37,8
49,38,25
49,39,25
49,40,15
49,41,15
49,42,20
49,43,5
49,44,5
49,45,17
49,46,5
49,47,10
49,48,42
50,1,65
50,2,10
50,3,23
50,4,6
50,5,13
50,6,18
50,7,30
50,8,12
50,9,39
50,10,6
50,11,10
50,12,21
50,13,11
50,14,16
50,15,6
50,16,9
50,17,10
50,18,14
50,19,14
50,20,13
50,21,18
50,22,17
50,23,12
50,24,15
50,25,6
50,26,13
50,27,11
50,28,8
50,29,12
50,30,6
50,31,10
50,32,7
50,33,6
50,34,14
50,35,14
50,36,5
50,37,5
50,38,31
50,39,24
50,40,13
50,41,14
50,42,15
50,43,5
50,44,3
50,45,14
50,46,6
50,47,9
50,48,21
50,49,15
51,1,33
51,2,14
51,3,18
51,4,9
51,5,12
51,6,14
51,7,17
51,8,8
51,9,15
51,10,5
51,11,10
51,12,14
51,13,8
51,14,8
51,15,5
51,16,6
51,17,8
51,18,11
51,19,10
51,20,33
51,21,7
51,22,13
51,23,9
51,24,13
51,25,11
51,26,15
51,27,4
51,28,11
51,29,4
51,30,9
51,31,3
51,32,24
51,33,29
51,34,11
51,35,11
51,36,6
51,37,8
51,38,21
51,39,23
51,40,10
51,41,11
51,42,13
51,43,4
51,44,3
51,45,10
51,46,6
51,47,18
51,48,20
51,49,29
51,50,15
52,1,36
52,2,9
52,3,22
52,4,12
52,5,14
52,6,11
52,7,12
52,8,15
52,9,16
52,10,6
52,11,8
52,12,14
52,13,13
52,14,13
52,15,3
52,16,4
52,17,4
52,18,10
52,19,6
52,20,17
52,21,12
52,22,18
52,23,7
52,24,7
52,25,5
52,26,15
52,27,6
52,28,7
52,29,5
52,30,6
52,31,4
52,32,9
52,33,8
52,34,12
52,35,12
52,36,7
52,37,8
52,38,9
52,39,13
52,40,5
52,41,6
52,42,9
52,43,2
52,44,1
52,45,8
52,46,8
52,47,15
52,48,9
52,49,6
52,50,11
52,51,12
53,1,14
53,2,6
53,3,12
53,4,6
53,5,8
53,6,9
53,7,8
53,8,5
53,9,9
53,10,4
53,11,9
53,12,9
53,13,11
53,14,11
53,15,2
53,16,4
53,17,3
53,18,6
53,19,5
53,20,11
53,21,7
53,22,10
53,23,6
53,24,6
53,25,2
53,26,11
53,27,5
53,28,6
53,29,6
53,30,6
53,31,6
53,32,5
53,33,6
53,34,7
53,35,6
53,36,5
53,37,9
53,38,11
53,39,10
53,40,4
53,41,5
53,42,4
53,43,2
53,44,1
53,45,7
53,46,10
53,47,16
53,48,8
53,49,4
53,50,9
53,51,9
53,52,13
54,1,54
54,2,10
54,3,30
54,4,15
54,5,16
54,6,29
54,7,29
54,8,14
54,9,48
54,10,12
54,11,11
54,12,18
54,13,9
54,14,9
54,15,8
54,16,8
54,17,8
54,18,11
54,19,10
54,20,21
54,21,20
54,22,23
54,23,10
54,24,18
54,25,11
54,26,22
54,27,10
54,28,14
54,29,10
54,30,13
54,31,10
54,32,14
54,33,11
54,34,16
54,35,16
54,36,8
54,37,10
54,38,22
54,39,18
54,40,13
54,41,13
54,42,12
54,43,2
54,44,2
54,45,11
54,46,15
54,47,13
54,48,25
54,49,22
54,50,23
54,51,12
54,52,9
54,53,8
55,1,52
55,2,10
55,3,30
55,4,15
55,5,16
55,6,28
55,7,28
55,8,14
55,9,48
55,10,12
55,11,11
55,12,18
55,13,9
55,14,9
55,15,7
55,16,8
55,17,8
55,18,11
55,19,10
55,20,20
55,21,20
55,22,23
55,23,10
55,24,18
55,25,11
55,26,22
55,27,10
55,28,14
55,29,10
55,30,13
55,31,10
55,32,14
55,33,11
55,34,17
55,35,17
55,36,8
55,37,10
55,38,22
55,39,18
55,40,13
55,41,13
55,42,12
55,43,2
55,44,2
55,45,11
55,46,15
55,47,13
55,48,24
55,49,20
55,50,23
55,51,12
55,52,9
55,53,8
55,54,74
56,1,30
56,2,5
56,3,15
56,4,5
56,5,4
56,6,7
56,7,5
56,8,2
56,9,6
56,10,3
56,11,3
56,12,6
56,13,9
56,14,10
56,15,5
56,16,12
56,17,4
56,18,9
56,19,7
56,20,8
56,21,5
56,22,10
56,23,6
56,24,4
56,25,2
56,26,2
56,27,1
56,28,3
56,29,1
56,30,16
56,31,1
56,32,4
56,33,7
56,34,9
56,35,9
56,36,3
56,37,6
56,38,4
56,39,5
56,40,4
56,41,5
56,42,4
56,43,2
56,44,1
56,45,5
56,46,10
56,47,7
56,48,3
56,49,3
56,50,4
56,51,4
56,52,8
56,53,7
56,54,3
56,55,3
57,1,14
57,2,5
57,3,6
57,4,7
57,5,2
57,6,6
57,7,3
57,8,2
57,9,3
57,10,2
57,11,2
57,12,4
57,13,7
57,14,5
57,15,3
57,16,6
57,17,3
57,18,5
57,19,5
57,20,3
57,21,4
57,22,5
57,23,2
57,24,2
57,25,2
57,26,2
57,27,1
57,28,2
57,29,1
57,30,2
57,31,1
57,32,4
57,33,4
57,34,5
57,35,5
57,36,3
57,37,4
57,38,3
57,39,4
57,40,3
57,41,3
57,42,3
57,43,1
57,44,1
57,45,5
57,46,11
57,47,6
57,48,3
57,49,3
57,50,3
57,51,3
57,52,7
57,53,6
57,54,3
57,55,3
57,56,12
58,1,30
58,2,6
58,3,17
58,4,5
58,5,6
58,6,9
58,7,13
58,8,6
58,9,13
58,10,2
58,11,6
58,12,9
58,13,13
58,14,14
58,15,3
58,16,8
58,17,4
58,18,9
58,19,6
58,20,6
58,21,9
58,22,14
58,23,7
58,24,5
58,25,5
58,26,4
58,27,4
58,28,0
58,29,4
58,30,1
58,31,2
58,32,3
58,33,4
58,34,11
58,35,11
58,36,3
58,37,3
58,38,12
58,39,11
58,40,5
58,41,6
58,42,6
58,43,2
58,44,1
58,45,9
58,46,4
58,47,7
58,48,9
58,49,7
58,50,20
58,51,5
58,52,9
58,53,7
58,54,7
58,55,7
58,56,5
58,57,3
59,1,53
59,2,11
59,3,21
59,4,9
59,5,10
59,6,20
59,7,15
59,8,13
59,9,16
59,10,4
59,11,12
59,12,15
59,13,16
59,14,15
59,15,5
59,16,11
59,17,4
59,18,10
59,19,8
59,20,9
59,21,13
59,22,24
59,23,8
59,24,9
59,25,8
59,26,9
59,27,4
59,28,3
59,29,4
59,30,7
59,31,2
59,32,9
59,33,12
59,34,18
59,35,18
59,36,5
59,37,5
59,38,15
59,39,18
59,40,7
59,41,9
59,42,10
59,43,4
59,44,1
59,45,10
59,46,6
59,47,9
59,48,12
59,49,12
59,50,18
59,51,14
59,52,13
59,53,8
59,54,11
59,55,11
59,56,5
59,57,4
59,58,25
60,1,34
60,2,11
60,3,21
60,4,2
60,5,12
60,6,9
60,7,8
60,8,4
60,9,11
60,10,1
60,11,5
60,12,12
60,13,18
60,14,15
60,15,5
60,16,6
60,17,7
60,18,8
60,19,8
60,20,9
60,21,12
60,22,50
60,23,10
60,24,6
60,25,2
60,26,10
60,27,3
60,28,1
60,29,3
60,30,3
60,31,0
60,32,8
60,33,10
60,34,8
60,35,8
60,36,3
60,37,4
60,38,8
60,39,10
60,40,5
60,41,6
60,42,6
60,43,2
60,44,1
60,45,8
60,46,5
60,47,7
60,48,7
60,49,6
60,50,9
60,51,7
60,52,13
60,53,7
60,54,6
60,55,6
60,56,6
60,57,5
60,58,9
60,59,10
61,1,46
61,2,10
61,3,22
61,4,15
61,5,11
61,6,14
61,7,13
61,8,7
61,9,14
61,10,4
61,11,8
61,12,18
61,13,21
61,14,21
61,15,4
61,16,12
61,17,8
61,18,10
61,19,10
61,20,13
61,21,9
61,22,40
61,23,11
61,24,6
61,25,8
61,26,12
61,27,6
61,28,3
61,29,6
61,30,5
61,31,4
61,32,7
61,33,9
61,34,16
61,35,16
61,36,8
61,37,12
61,38,9
61,39,12
61,40,6
61,41,7
61,42,5
61,43,2
61,44,1
61,45,13
61,46,6
61,47,12
61,48,7
61,49,6
61,50,13
61,51,10
61,52,18
61,53,13
61,54,10
61,55,10
61,56,8
61,57,7
61,58,14
61,59,19
61,60,22
62,1,25
62,2,9
62,3,15
62,4,7
62,5,9
62,6,9
62,7,12
62,8,17
62,9,18
62,10,5
62,11,9
62,12,13
62,13,15
62,14,18
62,15,4
62,16,3
62,17,11
62,18,9
62,19,8
62,20,6
62,21,9
62,22,10
62,23,12
62,24,9
62,25,9
62,26,8
62,27,4
62,28,4
62,29,4
62,30,3
62,31,2
62,32,7
62,33,7
62,34,14
62,35,14
62,36,5
62,37,7
62,38,10
62,39,11
62,40,10
62,41,11
62,42,10
62,43,3
62,44,1
62,45,8
62,46,4
62,47,7
62,48,9
62,49,9
62,50,11
62,51,10
62,52,8
62,53,6
62,54,13
62,55,13
62,56,4
62,57,3
62,58,6
62,59,11
62,60,7
62,61,10
63,1,28
63,2,7
63,3,12
63,4,6
63,5,6
63,6,7
63,7,9
63,8,14
63,9,14
63,10,5
63,11,7
63,12,10
63,13,13
63,14,19
63,15,3
63,16,2
63,17,12
63,18,6
63,19,6
63,20,4
63,21,7
63,22,8
63,23,8
63,24,6
63,25,8
63,26,7
63,27,2
63,28,4
63,29,2
63,30,2
63,31,2
63,32,6
63,33,5
63,34,12
63,35,12
63,36,4
63,37,7
63,38,6
63,39,7
63,40,10
63,41,10
63,42,10
63,43,3
63,44,1
63,45,7
63,46,4
63,47,6
63,48,8
63,49,8
63,50,10
63,51,7
63,52,7
63,53,4
63,54,12
63,55,12
63,56,5
63,57,3
63,58,3
63,59,9
63,60,6
63,61,8
63,62,37
64,1,52
64,2,12
64,3,28
64,4,8
64,5,15
64,6,12
64,7,17
64,8,9
64,9,20
64,10,3
64,11,8
64,12,19
64,13,27
64,14,24
64,15,5
64,16,9
64,17,10
64,18,12
64,19,9
64,20,12
64,21,17
64,22,63
64,23,16
64,24,9
64,25,9
64,26,13
64,27,7
64,28,3
64,29,7
64,30,4
64,31,4
64,32,10
64,33,12
64,34,15
64,35,15
64,36,7
64,37,9
64,38,10
64,39,11
64,40,7
64,41,9
64,42,9
64,43,2
64,44,1
64,45,10
64,46,6
64,47,9
64,48,11
64,49,10
64,50,14
64,51,8
64,52,18
64,53,9
64,54,14
64,55,14
64,56,7
64,57,6
64,58,13
64,59,20
64,60,47
64,61,47
64,62,12
64,63,11
65,1,50
65,2,11
65,3,26
65,4,8
65,5,15
65,6,12
65,7,16
65,8,9
65,9,19
65,10,3
65,11,8
65,12,19
65,13,24
65,14,23
65,15,4
65,16,10
65,17,9
65,18,12
65,19,9
65,20,11
65,21,15
65,22,61
65,23,15
65,24,8
65,25,9
65,26,13
65,27,7
65,28,3
65,29,7
65,30,4
65,31,4
65,32,9
65,33,11
65,34,15
65,35,15
65,36,6
65,37,9
65,38,9
65,39,11
65,40,7
65,41,9
65,42,9
65,43,2
65,44,1
65,45,10
65,46,6
65,47,9
65,48,11
65,49,10
65,50,15
65,51,8
65,52,17
65,53,9
65,54,14
65,55,14
65,56,7
65,57,6
65,58,13
65,59,20
65,60,44
65,61,48
65,62,12
65,63,11
65,64,78
66,1,16
66,2,6
66,3,14
66,4,6
66,5,1
66,6,6
66,7,4
66,8,1
66,9,4
66,10,1
66,11,2
66,12,2
66,13,4
66,14,3
66,15,1
66,16,4
66,17,1
66,18,3
66,19,3
66,20,16
66,21,5
66,22,5
66,23,1
66,24,3
66,25,1
66,26,5
66,27,1
66,28,4
66,29,1
66,30,5
66,31,1
66,32,2
66,33,2
66,34,4
66,35,4
66,36,2
66,37,3
66,38,4
66,39,5
66,40,2
66,41,2
66,42,2
66,43,1
66,44,1
66,45,4
66,46,35
66,47,15
66,48,4
66,49,3
66,50,4
66,51,6
66,52,6
66,53,9
66,54,6
66,55,6
66,56,6
66,57,10
66,58,3
66,59,6
66,60,4
66,61,5
66,62,2
66,63,2
66,64,4
66,65,4
67,1,48
67,2,12
67,3,26
67,4,7
67,5,16
67,6,19
67,7,26
67,8,11
67,9,31
67,10,4
67,11,12
67,12,27
67,13,13
67,14,13
67,15,5
67,16,7
67,17,8
67,18,11
67,19,12
67,20,19
67,21,11
67,22,27
67,23,15
67,24,15
67,25,7
67,26,19
67,27,8
67,28,10
67,29,9
67,30,14
67,31,6
67,32,10
67,33,13
67,34,12
67,35,12
67,36,5
67,37,4
67,38,23
67,39,28
67,40,12
67,41,13
67,42,18
67,43,5
67,44,3
67,45,14
67,46,10
67,47,12
67,48,30
67,49,31
67,50,34
67,51,19
67,52,10
67,53,12
67,54,24
67,55,23
67,56,4
67,57,3
67,58,12
67,59,22
67,60,12
67,61,16
67,62,10
67,63,8
67,64,18
67,65,19
67,66,8
68,1,39
68,2,9
68,3,16
68,4,10
68,5,12
68,6,9
68,7,11
68,8,9
68,9,16
68,10,7
68,11,11
68,12,11
68,13,10
68,14,11
68,15,4
68,16,3
68,17,6
68,18,7
68,19,6
68,20,17
68,21,12
68,22,14
68,23,9
68,24,18
68,25,4
68,26,54
68,27,15
68,28,22
68,29,19
68,30,21
68,31,19
68,32,8
68,33,10
68,34,8
68,35,8
68,36,7
68,37,7
68,38,15
68,39,10
68,40,4
68,41,5
68,42,5
68,43,1
68,44,1
68,45,6
68,46,6
68,47,9
68,48,9
68,49,6
68,50,14
68,51,8
68,52,10
68,53,12
68,54,14
68,55,14
68,56,4
68,57,4
68,58,5
68,59,7
68,60,6
68,61,9
68,62,8
68,63,6
68,64,10
68,65,10
68,66,5
68,67,11
69,1,37
69,2,9
69,3,16
69,4,10
69,5,12
69,6,9
69,7,11
69,8,9
69,9,16
69,10,7
69,11,11
69,12,11
69,13,9
69,14,10
69,15,4
69,16,3
69,17,6
69,18,7
69,19,6
69,20,17
69,21,11
69,22,13
69,23,9
69,24,17
69,25,4
69,26,50
69,27,15
69,28,21
69,29,19
69,30,20
69,31,19
69,32,7
69,33,9
69,34,7
69,35,7
69,36,7
69,37,7
69,38,15
69,39,10
69,40,4
69,41,5
69,42,5
69,43,1
69,44,1
69,45,6
69,46,6
69,47,9
69,48,9
69,49,6
69,50,14
69,51,8
69,52,9
69,53,12
69,54,14
69,55,14
69,56,4
69,57,4
69,58,5
69,59,7
69,60,5
69,61,9
69,62,8
69,63,6
69,64,9
69,65,9
69,66,5
69,67,11
69,68,57
70,1,14
70,2,4
70,3,10
70,4,4
70,5,4
70,6,6
70,7,6
70,8,3
70,9,6
70,10,2
70,11,6
70,12,6
70,13,6
70,14,6
70,15,1
70,16,3
70,17,1
70,18,5
70,19,4
70,20,11
70,21,5
70,22,10
70,23,4
70,24,3
70,25,1
70,26,13
70,27,9
70,28,7
70,29,8
70,30,9
70,31,5
70,32,4
70,33,8
70,34,7
70,35,7
70,36,2
70,37,4
70,38,6
70,39,7
70,40,3
70,41,4
70,42,3
70,43,1
70,44,1
70,45,7
70,46,6
70,47,12
70,48,7
70,49,8
70,50,8
70,51,8
70,52,9
70,53,10
70,54,9
70,55,9
70,56,4
70,57,4
70,58,7
70,59,9
70,60,8
70,61,9
70,62,4
70,63,3
70,64,11
70,65,11
70,66,6
70,67,10
70,68,10
70,69,10
71,1,21
71,2,4
71,3,8
71,4,3
71,5,3
71,6,5
71,7,4
71,8,2
71,9,5
71,10,1
71,11,3
71,12,3
71,13,4
71,14,4
71,15,2
71,16,3
71,17,2
71,18,5
71,19,3
71,20,8
71,21,6
71,22,6
71,23,2
71,24,5
71,25,1
71,26,7
71,27,1
71,28,8
71,29,1
71,30,8
71,31,3
71,32,1
71,33,2
71,34,6
71,35,5
71,36,2
71,37,2
71,38,6
71,39,5
71,40,5
71,41,5
71,42,4
71,43,2
71,44,1
71,45,6
71,46,11
71,47,10
71,48,4
71,49,3
71,50,7
71,51,6
71,52,6
71,53,11
71,54,7
71,55,7
71,56,5
71,57,4
71,58,5
71,59,7
71,60,6
71,61,5
71,62,3
71,63,4
71,64,6
71,65,6
71,66,12
71,67,9
71,68,7
71,69,6
71,70,8
72,1,23
72,2,18
72,3,12
72,4,6
72,5,8
72,6,11
72,7,16
72,8,10
72,9,11
72,10,4
72,11,6
72,12,9
72,13,11
72,14,11
72,15,7
72,16,7
72,17,11
72,18,7
72,19,12
72,20,6
72,21,5
72,22,6
72,23,36
72,24,8
72,25,11
72,26,4
72,27,2
72,28,1
72,29,2
72,30,1
72,31,1
72,32,10
72,33,10
72,34,11
72,35,11
72,36,6
72,37,32
72,38,15
72,39,12
72,40,11
72,41,11
72,42,16
72,43,4
72,44,4
72,45,15
72,46,3
72,47,4
72,48,22
72,49,21
72,50,16
72,51,14
72,52,5
72,53,4
72,54,12
72,55,12
72,56,2
72,57,2
72,58,7
72,59,9
72,60,5
72,61,7
72,62,8
72,63,7
72,64,9
72,65,9
72,66,2
72,67,16
72,68,5
72,69,5
72,70,5
72,71,3
73,1,25
73,2,17
73,3,13
73,4,4
73,5,8
73,6,11
73,7,17
73,8,11
73,9,12
73,10,3
73,11,8
73,12,9
73,13,12
73,14,10
73,15,7
73,16,7
73,17,10
73,18,8
73,19,12
73,20,6
73,21,5
73,22,7
73,23,30
73,24,7
73,25,10
73,26,6
73,27,2
73,28,1
73,29,2
73,30,4
73,31,1
73,32,10
73,33,10
73,34,11
73,35,11
73,36,5
73,37,31
73,38,14
73,39,12
73,40,11
73,41,11
73,42,15
73,43,4
73,44,4
73,45,14
73,46,3
73,47,4
73,48,21
73,49,20
73,50,15
73,51,13
73,52,5
73,53,4
73,54,11
73,55,11
73,56,2
73,57,2
73,58,6
73,59,8
73,60,5
73,61,6
73,62,8
73,63,7
73,64,8
73,65,8
73,66,2
73,67,15
73,68,4
73,69,4
73,70,5
73,71,3
73,72,48
74,1,22
74,2,4
74,3,7
74,4,7
74,5,3
74,6,7
74,7,14
74,8,3
74,9,16
74,10,2
74,11,1
74,12,4
74,13,2
74,14,2
74,15,2
74,16,3
74,17,4
74,18,2
74,19,2
74,20,10
74,21,13
74,22,10
74,23,1
74,24,14
74,25,9
74,26,8
74,27,5
74,28,8
74,29,5
74,30,7
74,31,5
74,32,8
74,33,6
74,34,7
74,35,7
74,36,4
74,37,5
74,38,19
74,39,2
74,40,5
74,41,5
74,42,6
74,43,1
74,44,2
74,45,4
74,46,7
74,47,4
74,48,10
74,49,10
74,50,24
74,51,9
74,52,4
74,53,4
74,54,15
74,55,15
74,56,2
74,57,2
74,58,7
74,59,6
74,60,6
74,61,6
74,62,6
74,63,7
74,64,8
74,65,8
74,66,6
74,67,10
74,68,10
74,69,10
74,70,4
74,71,7
74,72,8
74,73,8
75,1,9
75,2,3
75,3,5
75,4,3
75,5,2
75,6,3
75,7,3
75,8,1
75,9,3
75,10,1
75,11,2
75,12,3
75,13,1
75,14,1
75,15,1
75,16,3
75,17,2
75,18,2
75,19,1
75,20,4
75,21,4
75,22,3
75,23,1
75,24,6
75,25,4
75,26,3
75,27,1
75,28,2
75,29,1
75,30,2
75,31,1
75,32,4
75,33,3
75,34,3
75,35,3
75,36,2
75,37,3
75,38,5
75,39,2
75,40,4
75,41,4
75,42,4
75,43,1
75,44,1
75,45,3
75,46,5
75,47,4
75,48,8
75,49,6
75,50,5
75,51,7
75,52,5
75,53,7
75,54,6
75,55,6
75,56,3
75,57,3
75,58,3
75,59,5
75,60,4
75,61,2
75,62,5
75,63,6
75,64,4
75,65,4
75,66,4
75,67,6
75,68,5
75,69,5
75,70,5
75,71,6
75,72,5
75,73,5
75,74,9
76,1,46
76,2,6
76,3,12
76,4,3
76,5,8
76,6,8
76,7,5
76,8,4
76,9,8
76,10,8
76,11,7
76,12,11
76,13,8
76,14,14
76,15,1
76,16,5
76,17,2
76,18,6
76,19,4
76,20,8
76,21,6
76,22,9
76,23,5
76,24,3
76,25,4
76,26,5
76,27,3
76,28,2
76,29,3
76,30,2
76,31,2
76,32,5
76,33,5
76,34,5
76,35,5
76,36,4
76,37,6
76,38,9
76,39,10
76,40,3
76,41,4
76,42,3
76,43,2
76,44,1
76,45,6
76,46,9
76,47,12
76,48,4
76,49,3
76,50,9
76,51,8
76,52,12
76,53,11
76,54,6
76,55,6
76,56,7
76,57,6
76,58,7
76,59,8
76,60,7
76,61,10
76,62,6
76,63,4
76,64,8
76,65,8
76,66,7
76,67,9
76,68,6
76,69,6
76,70,8
76,71,8
76,72,4
76,73,4
76,74,3
76,75,4
77,1,26
77,2,6
77,3,13
77,4,5
77,5,1
77,6,4
77,7,1
77,8,2
77,9,2
77,10,4
77,11,2
77,12,2
77,13,5
77,14,4
77,15,1
77,16,4
77,17,1
77,18,5
77,19,3
77,20,12
77,21,5
77,22,7
77,23,1
77,24,2
77,25,3
77,26,2
77,27,0
77,28,1
77,29,0
77,30,3
77,31,0
77,32,2
77,33,6
77,34,17
77,35,16
77,36,16
77,37,7
77,38,3
77,39,14
77,40,2
77,41,2
77,42,2
77,43,1
77,44,1
77,45,4
77,46,28
77,47,8
77,48,2
77,49,3
77,50,4
77,51,8
77,52,7
77,53,6
77,54,2
77,55,2
77,56,6
77,57,9
77,58,3
77,59,7
77,60,4
77,61,5
77,62,3
77,63,3
77,64,4
77,65,4
77,66,11
77,67,5
77,68,4
77,69,4
77,70,5
77,71,7
77,72,2
77,73,2
77,74,3
77,75,3
77,76,6
78,1,13
78,2,9
78,3,3
78,4,2
78,5,3
78,6,7
78,7,5
78,8,6
78,9,5
78,10,3
78,11,2
78,12,2
78,13,5
78,14,6
78,15,7
78,16,17
78,17,5
78,18,4
78,19,8
78,20,2
78,21,6
78,22,3
78,23,3
78,24,5
78,25,9
78,26,3
78,27,0
78,28,2
78,29,0
78,30,3
78,31,0
78,32,8
78,33,6
78,34,5
78,35,5
78,36,6
78,37,5
78,38,8
78,39,4
78,40,7
78,41,6
78,42,7
78,43,1
78,44,2
78,45,6
78,46,2
78,47,2
78,48,9
78,49,9
78,50,6
78,51,5
78,52,4
78,53,2
78,54,11
78,55,11
78,56,2
78,57,3
78,58,4
78,59,4
78,60,6
78,61,4
78,62,4
78,63,4
78,64,6
78,65,6
78,66,2
78,67,4
78,68,4
78,69,3
78,70,4
78,71,4
78,72,10
78,73,9
78,74,9
78,75,5
78,76,2
78,77,2
79,1,15
79,2,12
79,3,6
79,4,2
79,5,5
79,6,9
79,7,7
79,8,8
79,9,7
79,10,3
79,11,4
79,12,4
79,13,7
79,14,8
79,15,6
79,16,17
79,17,5
79,18,4
79,19,8
79,20,4
79,21,7
79,22,5
79,23,6
79,24,6
79,25,8
79,26,5
79,27,2
79,28,2
79,29,2
79,30,2
79,31,1
79,32,10
79,33,9
79,34,7
79,35,7
79,36,7
79,37,7
79,38,10
79,39,6
79,40,7
79,41,7
79,42,7
79,43,1
79,44,2
79,45,9
79,46,2
79,47,4
79,48,12
79,49,10
79,50,8
79,51,6
79,52,6
79,53,4
79,54,13
79,55,13
79,56,2
79,57,3
79,58,6
79,59,6
79,60,7
79,61,7
79,62,5
79,63,4
79,64,9
79,65,9
79,66,2
79,67,6
79,68,6
79,69,5
79,70,6
79,71,4
79,72,13
79,73,12
79,74,9
79,75,5
79,76,4
79,77,2
79,78,27
80,1,22
80,2,9
80,3,9
80,4,6
80,5,5
80,6,9
80,7,9
80,8,8
80,9,12
80,10,7
80,11,7
80,12,7
80,13,5
80,14,5
80,15,4
80,16,5
80,17,7
80,18,5
80,19,6
80,20,12
80,21,13
80,22,11
80,23,5
80,24,23
80,25,10
80,26,12
80,27,5
80,28,13
80,29,5
80,30,9
80,31,5
80,32,11
80,33,7
80,34,11
80,35,11
80,36,8
80,37,11
80,38,14
80,39,10
80,40,4
80,41,4
80,42,5
80,43,1
80,44,2
80,45,10
80,46,8
80,47,8
80,48,13
80,49,12
80,50,10
80,51,12
80,52,8
80,53,8
80,54,16
80,55,16
80,56,3
80,57,3
80,58,5
80,59,8
80,60,4
80,61,10
80,62,7
80,63,4
80,64,7
80,65,7
80,66,7
80,67,10
80,68,12
80,69,12
80,70,3
80,71,6
80,72,9
80,73,9
80,74,15
80,75,8
80,76,6
80,77,3
80,78,8
80,79,9
81,1,7
81,2,4
81,3,3
81,4,3
81,5,5
81,6,8
81,7,5
81,8,6
81,9,3
81,10,3
81,11,1
81,12,2
81,13,15
81,14,5
81,15,2
81,16,3
81,17,21
81,18,2
81,19,2
81,20,2
81,21,2
81,22,3
81,23,1
81,24,4
81,25,6
81,26,2
81,27,0
81,28,3
81,29,0
81,30,3
81,31,0
81,32,5
81,33,4
81,34,5
81,35,5
81,36,3
81,37,5
81,38,5
81,39,2
81,40,4
81,41,4
81,42,5
81,43,1
81,44,2
81,45,4
81,46,3
81,47,3
81,48,7
81,49,7
81,50,5
81,51,6
81,52,3
81,53,2
81,54,6
81,55,6
81,56,3
81,57,3
81,58,2
81,59,4
81,60,3
81,61,4
81,62,5
81,63,7
81,64,5
81,65,5
81,66,2
81,67,4
81,68,3
81,69,3
81,70,4
81,71,4
81,72,7
81,73,7
81,74,12
81,75,6
81,76,4
81,77,2
81,78,7
81,79,7
81,80,6
82,1,18
82,2,3
82,3,17
82,4,14
82,5,2
82,6,28
82,7,11
82,8,5
82,9,13
82,10,4
82,11,3
82,12,6
82,13,6
82,14,7
82,15,2
82,16,2
82,17,7
82,18,5
82,19,2
82,20,10
82,21,26
82,22,9
82,23,3
82,24,12
82,25,4
82,26,9
82,27,10
82,28,9
82,29,10
82,30,8
82,31,9
82,32,10
82,33,7
82,34,7
82,35,7
82,36,2
82,37,3
82,38,16
82,39,4
82,40,4
82,41,4
82,42,5
82,43,1
82,44,1
82,45,3
82,46,8
82,47,4
82,48,10
82,49,7
82,50,13
82,51,6
82,52,5
82,53,4
82,54,16
82,55,16
82,56,3
82,57,4
82,58,3
82,59,6
82,60,7
82,61,5
82,62,8
82,63,9
82,64,7
82,65,7
82,66,7
82,67,8
82,68,10
82,69,10
82,70,4
82,71,7
82,72,4
82,73,4
82,74,20
82,75,8
82,76,4
82,77,4
82,78,6
82,79,6
82,80,12
82,81,4
83,1,25
83,2,7
83,3,20
83,4,12
83,5,3
83,6,32
83,7,12
83,8,10
83,9,12
83,10,6
83,11,5
83,12,6
83,13,8
83,14,9
83,15,4
83,16,4
83,17,7
83,18,4
83,19,5
83,20,11
83,21,29
83,22,11
83,23,5
83,24,15
83,25,4
83,26,10
83,27,11
83,28,9
83,29,12
83,30,7
83,31,9
83,32,13
83,33,7
83,34,12
83,35,12
83,36,3
83,37,7
83,38,15
83,39,6
83,40,4
83,41,4
83,42,6
83,43,1
83,44,2
83,45,7
83,46,6
83,47,4
83,48,13
83,49,10
83,50,15
83,51,7
83,52,8
83,53,7
83,54,16
83,55,16
83,56,3
83,57,3
83,58,6
83,59,10
83,60,8
83,61,7
83,62,8
83,63,8
83,64,9
83,65,9
83,66,6
83,67,9
83,68,13
83,69,12
83,70,5
83,71,10
83,72,8
83,73,8
83,74,17
83,75,8
83,76,5
83,77,3
83,78,8
83,79,10
83,80,14
83,81,5
83,82,46
84,1,32
84,2,11
84,3,10
84,4,6
84,5,7
84,6,9
84,7,9
84,8,8
84,9,12
84,10,6
84,11,8
84,12,9
84,13,6
84,14,7
84,15,4
84,16,6
84,17,7
84,18,6
84,19,7
84,20,13
84,21,11
84,22,11
84,23,10
84,24,20
84,25,11
84,26,15
84,27,5
84,28,11
84,29,5
84,30,10
84,31,4
84,32,12
84,33,10
84,34,12
84,35,12
84,36,11
84,37,9
84,38,13
84,39,8
84,40,6
84,41,6
84,42,6
84,43,1
84,44,2
84,45,13
84,46,5
84,47,5
84,48,14
84,49,12
84,50,11
84,51,14
84,52,6
84,53,7
84,54,15
84,55,15
84,56,2
84,57,2
84,58,6
84,59,7
84,60,7
84,61,6
84,62,7
84,63,6
84,64,8
84,65,8
84,66,4
84,67,10
84,68,15
84,69,14
84,70,6
84,71,13
84,72,14
84,73,13
84,74,17
84,75,10
84,76,4
84,77,4
84,78,10
84,79,13
84,80,24
84,81,8
84,82,13
84,83,19
85,1,17
85,2,8
85,3,7
85,4,4
85,5,7
85,6,5
85,7,6
85,8,8
85,9,10
85,10,7
85,11,10
85,12,9
85,13,10
85,14,50
85,15,5
85,16,3
85,17,12
85,18,7
85,19,5
85,20,5
85,21,4
85,22,4
85,23,8
85,24,9
85,25,8
85,26,6
85,27,3
85,28,3
85,29,3
85,30,3
85,31,3
85,32,3
85,33,4
85,34,5
85,35,5
85,36,5
85,37,3
85,38,5
85,39,8
85,40,7
85,41,7
85,42,7
85,43,2
85,44,1
85,45,9
85,46,3
85,47,4
85,48,8
85,49,7
85,50,9
85,51,6
85,52,5
85,53,3
85,54,7
85,55,7
85,56,3
85,57,2
85,58,4
85,59,7
85,60,6
85,61,8
85,62,11
85,63,13
85,64,10
85,65,10
85,66,2
85,67,9
85,68,7
85,69,7
85,70,3
85,71,4
85,72,5
85,73,5
85,74,8
85,75,5
85,76,4
85,77,2
85,78,5
85,79,5
85,80,13
85,81,10
85,82,8
85,83,6
85,84,12
86,1,19
86,2,13
86,3,7
86,4,4
86,5,4
86,6,9
86,7,8
86,8,14
86,9,6
86,10,4
86,11,5
86,12,6
86,13,22
86,14,15
86,15,6
86,16,6
86,17,13
86,18,4
86,19,9
86,20,7
86,21,4
86,22,5
86,23,15
86,24,7
86,25,7
86,26,4
86,27,2
86,28,2
86,29,2
86,30,2
86,31,1
86,32,10
86,33,9
86,34,9
86,35,9
86,36,6
86,37,10
86,38,8
86,39,6
86,40,7
86,41,7
86,42,8
86,43,1
86,44,2
86,45,11
86,46,3
86,47,4
86,48,15
86,49,13
86,50,8
86,51,10
86,52,4
86,53,4
86,54,9
86,55,8
86,56,2
86,57,2
86,58,5
86,59,6
86,60,7
86,61,7
86,62,7
86,63,9
86,64,9
86,65,9
86,66,2
86,67,7
86,68,5
86,69,5
86,70,5
86,71,3
86,72,19
86,73,19
86,74,11
86,75,5
86,76,4
86,77,2
86,78,9
86,79,12
86,80,12
86,81,14
86,82,5
86,83,9
86,84,18
86,85,13
87,1,17
87,2,11
87,3,2
87,4,3
87,5,5
87,6,8
87,7,10
87,8,14
87,9,4
87,10,3
87,11,2
87,12,5
87,13,20
87,14,11
87,15,11
87,16,11
87,17,16
87,18,5
87,19,12
87,20,4
87,21,4
87,22,3
87,23,6
87,24,5
87,25,10
87,26,1
87,27,0
87,28,1
87,29,0
87,30,2
87,31,0
87,32,8
87,33,5
87,34,7
87,35,7
87,36,5
87,37,7
87,38,11
87,39,8
87,40,11
87,41,11
87,42,13
87,43,3
87,44,4
87,45,10
87,46,2
87,47,2
87,48,15
87,49,15
87,50,10
87,51,14
87,52,2
87,53,2
87,54,8
87,55,7
87,56,2
87,57,2
87,58,3
87,59,5
87,60,4
87,61,4
87,62,7
87,63,9
87,64,5
87,65,5
87,66,2
87,67,9
87,68,2
87,69,2
87,70,3
87,71,3
87,72,19
87,73,19
87,74,8
87,75,5
87,76,2
87,77,2
87,78,10
87,79,9
87,80,7
87,81,12
87,82,4
87,83,6
87,84,9
87,85,9
87,86,35
88,1,27
88,2,10
88,3,15
88,4,10
88,5,6
88,6,18
88,7,6
88,8,9
88,9,7
88,10,5
88,11,5
88,12,6
88,13,9
88,14,9
88,15,5
88,16,16
88,17,2
88,18,27
88,19,14
88,20,11
88,21,10
88,22,10
88,23,4
88,24,5
88,25,7
88,26,6
88,27,2
88,28,4
88,29,3
88,30,4
88,31,1
88,32,7
88,33,5
88,34,10
88,35,10
88,36,6
88,37,7
88,38,5
88,39,8
88,40,5
88,41,5
88,42,5
88,43,1
88,44,2
88,45,12
88,46,6
88,47,7
88,48,9
88,49,7
88,50,8
88,51,11
88,52,11
88,53,7
88,54,11
88,55,11
88,56,5
88,57,5
88,58,8
88,59,12
88,60,6
88,61,6
88,62,5
88,63,4
88,64,7
88,65,7
88,66,5
88,67,8
88,68,6
88,69,6
88,70,10
88,71,8
88,72,9
88,73,9
88,74,6
88,75,6
88,76,8
88,77,9
88,78,7
88,79,10
88,80,7
88,81,8
88,82,3
88,83,9
88,84,13
88,85,4
88,86,9
88,87,8
89,1,24
89,2,9
89,3,11
89,4,3
89,5,11
89,6,9
89,7,7
89,8,7
89,9,14
89,10,6
89,11,30
89,12,8
89,13,9
89,14,9
89,15,6
89,16,3
89,17,3
89,18,4
89,19,3
89,20,10
89,21,2
89,22,9
89,23,9
89,24,9
89,25,2
89,26,11
89,27,4
89,28,6
89,29,5
89,30,7
89,31,4
89,32,17
89,33,16
89,34,5
89,35,5
89,36,3
89,37,6
89,38,10
89,39,13
89,40,4
89,41,5
89,42,4
89,43,2
89,44,1
89,45,4
89,46,4
89,47,11
89,48,6
89,49,4
89,50,10
89,51,11
89,52,10
89,53,11
89,54,6
89,55,6
89,56,3
89,57,2
89,58,5
89,59,10
89,60,5
89,61,9
89,62,7
89,63,5
89,64,7
89,65,7
89,66,4
89,67,11
89,68,11
89,69,11
89,70,9
89,71,6
89,72,4
89,73,4
89,74,6
89,75,4
89,76,10
89,77,4
89,78,3
89,79,5
89,80,6
89,81,7
89,82,2
89,83,4
89,84,7
89,85,9
89,86,6
89,87,2
89,88,9
90,1,14
90,2,12
90,3,10
90,4,4
90,5,5
90,6,6
90,7,7
90,8,6
90,9,5
90,10,4
90,11,6
90,12,6
90,13,8
90,14,10
90,15,5
90,16,6
90,17,9
90,18,4
90,19,7
90,20,5
90,21,11
90,22,5
90,23,9
90,24,10
90,25,10
90,26,7
90,27,2
90,28,1
90,29,3
90,30,2
90,31,1
90,32,14
90,33,12
90,34,26
90,35,27
90,36,6
90,37,9
90,38,11
90,39,18
90,40,6
90,41,6
90,42,7
90,43,1
90,44,2
90,45,9
90,46,3
90,47,5
90,48,12
90,49,16
90,50,10
90,51,13
90,52,7
90,53,4
90,54,11
90,55,11
90,56,3
90,57,2
90,58,7
90,59,13
90,60,7
90,61,7
90,62,12
90,63,11
90,64,10
90,65,10
90,66,3
90,67,9
90,68,8
90,69,7
90,70,5
90,71,4
90,72,16
90,73,15
90,74,12
90,75,7
90,76,4
90,77,14
90,78,12
90,79,14
90,80,12
90,81,7
90,82,12
90,83,19
90,84,15
90,85,7
90,86,14
90,87,11
90,88,10
90,89,5
91,1,16
91,2,14
91,3,10
91,4,4
91,5,7
91,6,7
91,7,7
91,8,7
91,9,6
91,10,5
91,11,8
91,12,7
91,13,9
91,14,11
91,15,5
91,16,6
91,17,9
91,18,4
91,19,7
91,20,6
91,21,11
91,22,6
91,23,9
91,24,11
91,25,10
91,26,8
91,27,2
91,28,2
91,29,2
91,30,2
91,31,2
91,32,15
91,33,12
91,34,26
91,35,27
91,36,7
91,37,11
91,38,14
91,39,20
91,40,5
91,41,5
91,42,6
91,43,1
91,44,2
91,45,8
91,46,3
91,47,7
91,48,11
91,49,14
91,50,9
91,51,14
91,52,9
91,53,6
91,54,9
91,55,9
91,56,3
91,57,2
91,58,6
91,59,12
91,60,6
91,61,9
91,62,12
91,63,10
91,64,9
91,65,9
91,66,3
91,67,8
91,68,9
91,69,8
91,70,4
91,71,3
91,72,15
91,73,14
91,74,11
91,75,6
91,76,7
91,77,14
91,78,11
91,79,13
91,80,14
91,81,6
91,82,11
91,83,17
91,84,14
91,85,6
91,86,13
91,87,10
91,88,8
91,89,8
91,90,45
92,1,32
92,2,4
92,3,20
92,4,13
92,5,2
92,6,33
92,7,7
92,8,4
92,9,13
92,10,5
92,11,2
92,12,4
92,13,5
92,14,4
92,15,3
92,16,5
92,17,2
92,18,4
92,19,6
92,20,20
92,21,25
92,22,23
92,23,2
92,24,11
92,25,5
92,26,8
92,27,10
92,28,7
92,29,10
92,30,7
92,31,9
92,32,4
92,33,2
92,34,7
92,35,7
92,36,4
92,37,5
92,38,12
92,39,4
92,40,2
92,41,2
92,42,2
92,43,1
92,44,2
92,45,7
92,46,9
92,47,6
92,48,6
92,49,5
92,50,11
92,51,6
92,52,6
92,53,9
92,54,13
92,55,13
92,56,4
92,57,4
92,58,6
92,59,7
92,60,5
92,61,6
92,62,5
92,63,2
92,64,5
92,65,6
92,66,9
92,67,7
92,68,10
92,69,10
92,70,6
92,71,11
92,72,5
92,73,5
92,74,13
92,75,5
92,76,7
92,77,9
92,78,4
92,79,5
92,80,11
92,81,3
92,82,25
92,83,30
92,84,9
92,85,2
92,86,5
92,87,4
92,88,9
92,89,5
92,90,6
92,91,6
93,1,9
93,2,6
93,3,4
93,4,1
93,5,4
93,6,5
93,7,3
93,8,5
93,9,3
93,10,3
93,11,3
93,12,3
93,13,3
93,14,4
93,15,3
93,16,4
93,17,3
93,18,1
93,19,4
93,20,4
93,21,4
93,22,14
93,23,3
93,24,7
93,25,6
93,26,4
93,27,1
93,28,3
93,29,1
93,30,1
93,31,1
93,32,7
93,33,4
93,34,4
93,35,4
93,36,5
93,37,8
93,38,7
93,39,4
93,40,3
93,41,3
93,42,3
93,43,1
93,44,2
93,45,5
93,46,4
93,47,5
93,48,7
93,49,7
93,50,4
93,51,8
93,52,6
93,53,6
93,54,7
93,55,7
93,56,4
93,57,3
93,58,3
93,59,3
93,60,3
93,61,4
93,62,6
93,63,4
93,64,3
93,65,3
93,66,4
93,67,5
93,68,6
93,69,6
93,70,4
93,71,6
93,72,8
93,73,7
93,74,7
93,75,7
93,76,8
93,77,3
93,78,7
93,79,8
93,80,10
93,81,6
93,82,4
93,83,8
93,84,8
93,85,2
93,86,7
93,87,6
93,88,7
93,89,5
93,90,8
93,91,9
93,92,18
94,1,11
94,2,13
94,3,13
94,4,2
94,5,8
94,6,7
94,7,6
94,8,4
94,9,7
94,10,8
94,11,7
94,12,9
94,13,9
94,14,10
94,15,2
94,16,5
94,17,3
94,18,7
94,19,5
94,20,8
94,21,5
94,22,9
94,23,6
94,24,4
94,25,3
94,26,5
94,27,3
94,28,1
94,29,5
94,30,3
94,31,2
94,32,4
94,33,11
94,34,8
94,35,8
94,36,7
94,37,4
94,38,7
94,39,8
94,40,5
94,41,6
94,42,5
94,43,2
94,44,1
94,45,8
94,46,5
94,47,10
94,48,6
94,49,5
94,50,10
94,51,6
94,52,9
94,53,9
94,54,8
94,55,8
94,56,5
94,57,4
94,58,9
94,59,10
94,60,8
94,61,8
94,62,8
94,63,6
94,64,9
94,65,9
94,66,4
94,67,10
94,68,6
94,69,6
94,70,8
94,71,6
94,72,6
94,73,6
94,74,4
94,75,4
94,76,8
94,77,7
94,78,4
94,79,6
94,80,5
94,81,3
94,82,4
94,83,6
94,84,8
94,85,6
94,86,5
94,87,4
94,88,9
94,89,7
94,90,8
94,91,6
94,92,5
94,93,3
95,1,14
95,2,15
95,3,12
95,4,2
95,5,9
95,6,8
95,7,6
95,8,5
95,9,7
95,10,7
95,11,8
95,12,9
95,13,9
95,14,11
95,15,2
95,16,6
95,17,4
95,18,6
95,19,5
95,20,7
95,21,6
95,22,10
95,23,7
95,24,6
95,25,5
95,26,6
95,27,2
95,28,2
95,29,4
95,30,2
95,31,3
95,32,6
95,33,9
95,34,9
95,35,9
95,36,8
95,37,6
95,38,10
95,39,10
95,40,4
95,41,4
95,42,4
95,43,2
95,44,1
95,45,7
95,46,5
95,47,11
95,48,5
95,49,4
95,50,9
95,51,7
95,52,10
95,53,10
95,54,7
95,55,7
95,56,5
95,57,4
95,58,8
95,59,9
95,60,6
95,61,9
95,62,7
95,63,5
95,64,7
95,65,7
95,66,4
95,67,8
95,68,7
95,69,7
95,70,6
95,71,5
95,72,6
95,73,5
95,74,3
95,75,3
95,76,10
95,77,7
95,78,4
95,79,6
95,80,7
95,81,2
95,82,3
95,83,4
95,84,8
95,85,5
95,86,4
95,87,3
95,88,7
95,89,9
95,90,7
95,91,10
95,92,5
95,93,5
95,94,24
96,1,23
96,2,9
96,3,10
96,4,3
96,5,4
96,6,7
96,7,7
96,8,6
96,9,10
96,10,2
96,11,3
96,12,4
96,13,6
96,14,5
96,15,4
96,16,5
96,17,3
96,18,1
96,19,4
96,20,9
96,21,12
96,22,11
96,23,4
96,24,16
96,25,6
96,26,12
96,27,5
96,28,8
96,29,6
96,30,7
96,31,4
96,32,6
96,33,4
96,34,8
96,35,8
96,36,3
96,37,7
96,38,14
96,39,6
96,40,4
96,41,4
96,42,5
96,43,1
96,44,2
96,45,7
96,46,5
96,47,5
96,48,11
96,49,9
96,50,11
96,51,7
96,52,6
96,53,8
96,54,13
96,55,13
96,56,2
96,57,2
96,58,6
96,59,7
96,60,6
96,61,5
96,62,5
96,63,7
96,64,8
96,65,8
96,66,5
96,67,9
96,68,15
96,69,15
96,70,6
96,71,9
96,72,8
96,73,8
96,74,14
96,75,8
96,76,5
96,77,5
96,78,7
96,79,9
96,80,15
96,81,7
96,82,11
96,83,17
96,84,15
96,85,5
96,86,8
96,87,7
96,88,12
96,89,8
96,90,12
96,91,10
96,92,15
96,93,8
96,94,6
96,95,4
97,1,25
97,2,9
97,3,13
97,4,5
97,5,4
97,6,15
97,7,4
97,8,5
97,9,5
97,10,2
97,11,3
97,12,6
97,13,7
97,14,8
97,15,3
97,16,12
97,17,2
97,18,7
97,19,9
97,20,12
97,21,8
97,22,17
97,23,5
97,24,7
97,25,6
97,26,8
97,27,2
97,28,3
97,29,2
97,30,3
97,31,1
97,32,8
97,33,7
97,34,10
97,35,10
97,36,6
97,37,7
97,38,6
97,39,8
97,40,3
97,41,3
97,42,3
97,43,1
97,44,2
97,45,10
97,46,7
97,47,7
97,48,9
97,49,8
97,50,9
97,51,13
97,52,9
97,53,6
97,54,9
97,55,9
97,56,5
97,57,4
97,58,7
97,59,11
97,60,6
97,61,5
97,62,4
97,63,5
97,64,7
97,65,7
97,66,6
97,67,11
97,68,7
97,69,7
97,70,7
97,71,6
97,72,9
97,73,8
97,74,10
97,75,9
97,76,8
97,77,8
97,78,6
97,79,9
97,80,9
97,81,7
97,82,5
97,83,10
97,84,16
97,85,4
97,86,10
97,87,5
97,88,24
97,89,7
97,90,12
97,91,11
97,92,14
97,93,19
97,94,6
97,95,6
97,96,11
98,1,8
98,2,6
98,3,2
98,4,3
98,5,6
98,6,2
98,7,7
98,8,3
98,9,2
98,10,2
98,11,2
98,12,2
98,13,5
98,14,5
98,15,3
98,16,6
98,17,4
98,18,3
98,19,3
98,20,2
98,21,4
98,22,10
98,23,2
98,24,2
98,25,6
98,26,1
98,27,0
98,28,2
98,29,0
98,30,2
98,31,0
98,32,6
98,33,6
98,34,2
98,35,2
98,36,2
98,37,4
98,38,6
98,39,3
98,40,7
98,41,7
98,42,6
98,43,1
98,44,1
98,45,6
98,46,2
98,47,2
98,48,7
98,49,7
98,50,4
98,51,6
98,52,3
98,53,2
98,54,5
98,55,5
98,56,2
98,57,2
98,58,5
98,59,6
98,60,10
98,61,6
98,62,5
98,63,5
98,64,7
98,65,7
98,66,2
98,67,4
98,68,2
98,69,2
98,70,4
98,71,4
98,72,8
98,73,8
98,74,8
98,75,6
98,76,2
98,77,2
98,78,10
98,79,10
98,80,6
98,81,6
98,82,7
98,83,6
98,84,7
98,85,5
98,86,7
98,87,8
98,88,6
98,89,3
98,90,8
98,91,7
98,92,2
98,93,4
98,94,4
98,95,3
98,96,4
98,97,3
99,1,39
99,2,12
99,3,18
99,4,9
99,5,8
99,6,13
99,7,14
99,8,11
99,9,15
99,10,2
99,11,3
99,12,6
99,13,6
99,14,7
99,15,5
99,16,5
99,17,5
99,18,5
99,19,5
99,20,13
99,21,15
99,22,10
99,23,6
99,24,14
99,25,11
99,26,14
99,27,7
99,28,8
99,29,7
99,30,7
99,31,6
99,32,10
99,33,10
99,34,14
99,35,14
99,36,6
99,37,8
99,38,17
99,39,8
99,40,7
99,41,7
99,42,7
99,43,1
99,44,2
99,45,10
99,46,6
99,47,6
99,48,13
99,49,14
99,50,18
99,51,19
99,52,11
99,53,8
99,54,17
99,55,17
99,56,3
99,57,2
99,58,7
99,59,9
99,60,8
99,61,7
99,62,7
99,63,8
99,64,10
99,65,10
99,66,5
99,67,8
99,68,16
99,69,14
99,70,6
99,71,13
99,72,12
99,73,11
99,74,19
99,75,10
99,76,7
99,77,4
99,78,12
99,79,15
99,80,14
99,81,7
99,82,15
99,83,26
99,84,21
99,85,7
99,86,12
99,87,8
99,88,9
99,89,5
99,90,19
99,91,17
99,92,16
99,93,11
99,94,6
99,95,6
99,96,20
99,97,15
99,98,9
100,1,32
100,2,12
100,3,17
100,4,7
100,5,8
100,6,12
100,7,7
100,8,13
100,9,9
100,10,6
100,11,9
100,12,10
100,13,10
100,14,9
100,15,6
100,16,10
100,17,3
100,18,7
100,19,9
100,20,6
100,21,15
100,22,12
100,23,7
100,24,9
100,25,8
100,26,7
100,27,3
100,28,3
100,29,3
100,30,4
100,31,3
100,32,8
100,33,7
100,34,25
100,35,25
100,36,8
100,37,8
100,38,13
100,39,29
100,40,4
100,41,4
100,42,7
100,43,2
100,44,2
100,45,11
100,46,6
100,47,10
100,48,10
100,49,10
100,50,10
100,51,11
100,52,14
100,53,9
100,54,10
100,55,10
100,56,4
100,57,4
100,58,21
100,59,27
100,60,7
100,61,14
100,62,6
100,63,4
100,64,11
100,65,11
100,66,6
100,67,11
100,68,7
100,69,7
100,70,7
100,71,7
100,72,8
100,73,8
100,74,4
100,75,4
100,76,10
100,77,20
100,78,5
100,79,7
100,80,10
100,81,3
100,82,4
100,83,10
100,84,7
100,85,4
100,86,6
100,87,6
100,88,13
100,89,10
100,90,23
100,91,26
100,92,11
100,93,7
100,94,7
100,95,11
100,96,13
100,97,9
100,98,5
100,99,13
101,1,36
101,2,12
101,3,19
101,4,8
101,5,8
101,6,15
101,7,7
101,8,13
101,9,8
101,10,6
101,11,9
101,12,9
101,13,11
101,14,11
101,15,9
101,16,12
101,17,4
101,18,8
101,19,10
101,20,6
101,21,14
101,22,13
101,23,11
101,24,9
101,25,8
101,26,8
101,27,3
101,28,3
101,29,3
101,30,5
101,31,3
101,32,8
101,33,8
101,34,23
101,35,23
101,36,9
101,37,8
101,38,13
101,39,24
101,40,4
101,41,4
101,42,7
101,43,2
101,44,2
101,45,10
101,46,6
101,47,10
101,48,9
101,49,10
101,50,11
101,51,12
101,52,14
101,53,9
101,54,9
101,55,9
101,56,4
101,57,4
101,58,18
101,59,32
101,60,6
101,61,12
101,62,6
101,63,4
101,64,10
101,65,10
101,66,6
101,67,10
101,68,8
101,69,8
101,70,7
101,71,7
101,72,9
101,73,8
101,74,4
101,75,4
101,76,10
101,77,22
101,78,6
101,79,8
101,80,10
101,81,3
101,82,4
101,83,10
101,84,8
101,85,4
101,86,6
101,87,6
101,88,16
101,89,10
101,90,23
101,91,26
101,92,11
101,93,8
101,94,7
101,95,12
101,96,12
101,97,13
101,98,5
101,99,14
101,100,55
102,1,21
102,2,13
102,3,10
102,4,5
102,5,7
102,6,10
102,7,7
102,8,11
102,9,9
102,10,5
102,11,5
102,12,8
102,13,14
102,14,30
102,15,7
102,16,7
102,17,10
102,18,4
102,19,6
102,20,3
102,21,11
102,22,7
102,23,7
102,24,7
102,25,9
102,26,4
102,27,3
102,28,1
102,29,3
102,30,2
102,31,2
102,32,9
102,33,7
102,34,8
102,35,8
102,36,6
102,37,8
102,38,9
102,39,7
102,40,6
102,41,6
102,42,7
102,43,1
102,44,2
102,45,11
102,46,3
102,47,5
102,48,14
102,49,11
102,50,7
102,51,8
102,52,9
102,53,5
102,54,10
102,55,10
102,56,2
102,57,2
102,58,13
102,59,20
102,60,6
102,61,8
102,62,10
102,63,9
102,64,10
102,65,10
102,66,3
102,67,8
102,68,5
102,69,5
102,70,6
102,71,5
102,72,11
102,73,11
102,74,6
102,75,7
102,76,6
102,77,5
102,78,8
102,79,11
102,80,10
102,81,10
102,82,5
102,83,10
102,84,11
102,85,10
102,86,13
102,87,11
102,88,11
102,89,6
102,90,12
102,91,11
102,92,8
102,93,8
102,94,6
102,95,6
102,96,13
102,97,10
102,98,8
102,99,13
102,100,27
102,101,25
103,1,19
103,2,12
103,3,9
103,4,5
103,5,7
103,6,11
103,7,9
103,8,12
103,9,8
103,10,5
103,11,6
103,12,7
103,13,12
103,14,20
103,15,7
103,16,7
103,17,9
103,18,4
103,19,7
103,20,3
103,21,10
103,22,7
103,23,6
103,24,6
103,25,8
103,26,4
103,27,3
103,28,1
103,29,5
103,30,3
103,31,2
103,32,9
103,33,6
103,34,9
103,35,9
103,36,6
103,37,8
103,38,9
103,39,7
103,40,6
103,41,6
103,42,8
103,43,2
103,44,2
103,45,10
103,46,3
103,47,5
103,48,13
103,49,11
103,50,8
103,51,8
103,52,9
103,53,5
103,54,11
103,55,11
103,56,2
103,57,2
103,58,12
103,59,23
103,60,5
103,61,8
103,62,10
103,63,9
103,64,9
103,65,9
103,66,3
103,67,8
103,68,5
103,69,5
103,70,6
103,71,5
103,72,11
103,73,11
103,74,6
103,75,7
103,76,6
103,77,5
103,78,8
103,79,10
103,80,10
103,81,10
103,82,5
103,83,11
103,84,10
103,85,10
103,86,12
103,87,11
103,88,12
103,89,6
103,90,13
103,91,11
103,92,8
103,93,8
103,94,7
103,95,7
103,96,13
103,97,9
103,98,8
103,99,12
103,100,26
103,101,28
103,102,47
104,1,14
104,2,4
104,3,8
104,4,3
104,5,2
104,6,5
104,7,1
104,8,3
104,9,2
104,10,2
104,11,1
104,12,3
104,13,4
104,14,4
104,15,4
104,16,5
104,17,2
104,18,4
104,19,5
104,20,6
104,21,6
104,22,5
104,23,3
104,24,2
104,25,3
104,26,5
104,27,1
104,28,2
104,29,1
104,30,10
104,31,1
104,32,3
104,33,2
104,34,7
104,35,7
104,36,4
104,37,3
104,38,2
104,39,3
104,40,4
104,41,4
104,42,4
104,43,1
104,44,2
104,45,7
104,46,5
104,47,4
104,48,5
104,49,5
104,50,5
104,51,3
104,52,6
104,53,4
104,54,5
104,55,5
104,56,9
104,57,4
104,58,4
104,59,6
104,60,6
104,61,5
104,62,3
104,63,4
104,64,7
104,65,7
104,66,4
104,67,5
104,68,5
104,69,4
104,70,6
104,71,5
104,72,4
104,73,4
104,74,5
104,75,3
104,76,4
104,77,7
104,78,5
104,79,5
104,80,3
104,81,5
104,82,3
104,83,4
104,84,4
104,85,4
104,86,4
104,87,4
104,88,6
104,89,3
104,90,5
104,91,4
104,92,6
104,93,3
104,94,6
104,95,5
104,96,5
104,97,7
104,98,3
104,99,6
104,100,7
104,101,7
104,102,6
104,103,6
105,1,25
105,2,7
105,3,18
105,4,3
105,5,8
105,6,10
105,7,7
105,8,5
105,9,9
105,10,1
105,11,6
105,12,10
105,13,15
105,14,15
105,15,5
105,16,8
105,17,5
105,18,11
105,19,8
105,20,9
105,21,9
105,22,11
105,23,9
105,24,4
105,25,5
105,26,7
105,27,4
105,28,1
105,29,7
105,30,2
105,31,3
105,32,4
105,33,5
105,34,10
105,35,10
105,36,5
105,37,4
105,38,7
105,39,7
105,40,5
105,41,6
105,42,5
105,43,2
105,44,1
105,45,9
105,46,5
105,47,10
105,48,6
105,49,6
105,50,11
105,51,8
105,52,13
105,53,9
105,54,8
105,55,8
105,56,6
105,57,5
105,58,9
105,59,10
105,60,8
105,61,9
105,62,7
105,63,6
105,64,10
105,65,10
105,66,4
105,67,11
105,68,8
105,69,8
105,70,8
105,71,6
105,72,6
105,73,5
105,74,4
105,75,5
105,76,9
105,77,6
105,78,4
105,79,6
105,80,4
105,81,4
105,82,4
105,83,6
105,84,7
105,85,6
105,86,5
105,87,3
105,88,12
105,89,7
105,90,7
105,91,5
105,92,6
105,93,5
105,94,13
105,95,12
105,96,7
105,97,11
105,98,4
105,99,11
105,100,7
105,101,8
105,102,6
105,103,8
105,104,10
106,1,32
106,2,10
106,3,19
106,4,11
106,5,5
106,6,15
106,7,11
106,8,9
106,9,13
106,10,2
106,11,3
106,12,4
106,13,4
106,14,4
106,15,5
106,16,6
106,17,3
106,18,5
106,19,6
106,20,12
106,21,22
106,22,10
106,23,3
106,24,14
106,25,7
106,26,16
106,27,10
106,28,13
106,29,10
106,30,12
106,31,9
106,32,12
106,33,10
106,34,11
106,35,11
106,36,4
106,37,6
106,38,13
106,39,7
106,40,5
106,41,5
106,42,5
106,43,1
106,44,2
106,45,7
106,46,8
106,47,7
106,48,15
106,49,12
106,50,12
106,51,20
106,52,7
106,53,6
106,54,17
106,55,17
106,56,2
106,57,2
106,58,4
106,59,6
106,60,5
106,61,4
106,62,8
106,63,5
106,64,6
106,65,6
106,66,8
106,67,12
106,68,11
106,69,9
106,70,5
106,71,13
106,72,8
106,73,8
106,74,15
106,75,7
106,76,5
106,77,5
106,78,8
106,79,9
106,80,15
106,81,5
106,82,14
106,83,19
106,84,16
106,85,4
106,86,8
106,87,8
106,88,8
106,89,5
106,90,12
106,91,12
106,92,15
106,93,11
106,94,3
106,95,3
106,96,15
106,97,11
106,98,4
106,99,26
106,100,10
106,101,10
106,102,10
106,103,10
106,104,5
106,105,5
107,1,42
107,2,14
107,3,24
107,4,5
107,5,9
107,6,14
107,7,8
107,8,13
107,9,8
107,10,3
107,11,11
107,12,8
107,13,11
107,14,15
107,15,4
107,16,8
107,17,5
107,18,16
107,19,6
107,20,13
107,21,11
107,22,17
107,23,7
107,24,6
107,25,8
107,26,8
107,27,3
107,28,3
107,29,3
107,30,3
107,31,3
107,32,26
107,33,34
107,34,19
107,35,18
107,36,7
107,37,10
107,38,9
107,39,10
107,40,3
107,41,3
107,42,4
107,43,1
107,44,2
107,45,9
107,46,6
107,47,9
107,48,8
107,49,9
107,50,7
107,51,15
107,52,12
107,53,7
107,54,8
107,55,8
107,56,5
107,57,4
107,58,4
107,59,11
107,60,7
107,61,10
107,62,7
107,63,5
107,64,10
107,65,10
107,66,5
107,67,8
107,68,8
107,69,7
107,70,6
107,71,6
107,72,9
107,73,9
107,74,5
107,75,4
107,76,8
107,77,13
107,78,6
107,79,8
107,80,7
107,81,5
107,82,4
107,83,9
107,84,8
107,85,3
107,86,7
107,87,6
107,88,18
107,89,12
107,90,12
107,91,13
107,92,10
107,93,9
107,94,5
107,95,6
107,96,11
107,97,12
107,98,5
107,99,16
107,100,18
107,101,17
107,102,12
107,103,11
107,104,8
107,105,11
107,106,14
108,1,24
108,2,5
108,3,13
108,4,3
108,5,5
108,6,8
108,7,4
108,8,4
108,9,4
108,10,1
108,11,2
108,12,4
108,13,8
108,14,7
108,15,2
108,16,5
108,17,3
108,18,6
108,19,4
108,20,7
108,21,6
108,22,5
108,23,3
108,24,1
108,25,2
108,26,5
108,27,1
108,28,3
108,29,1
108,30,2
108,31,3
108,32,3
108,33,4
108,34,11
108,35,10
108,36,3
108,37,2
108,38,3
108,39,4
108,40,5
108,41,5
108,42,5
108,43,2
108,44,1
108,45,6
108,46,5
108,47,7
108,48,4
108,49,4
108,50,6
108,51,9
108,52,9
108,53,7
108,54,4
108,55,4
108,56,5
108,57,4
108,58,5
108,59,7
108,60,7
108,61,7
108,62,4
108,63,5
108,64,9
108,65,9
108,66,5
108,67,6
108,68,4
108,69,3
108,70,6
108,71,9
108,72,3
108,73,3
108,74,3
108,75,5
108,76,6
108,77,8
108,78,4
108,79,4
108,80,2
108,81,4
108,82,3
108,83,3
108,84,3
108,85,5
108,86,3
108,87,3
108,88,6
108,89,4
108,90,4
108,91,3
108,92,6
108,93,3
108,94,7
108,95,6
108,96,5
108,97,7
108,98,4
108,99,15
108,100,8
108,101,7
108,102,7
108,103,6
108,104,8
108,105,13
108,106,9
108,107,14
